"","latitud","provincia","altitud","indicativo","nombre","indsinop","longitud","ubicacion","temMin","temMax","temMedBaja","temMedAlta","maxDiasMesPrec","maxDiasMesNieve","maxDiasMesTormenta","precMaxDia","precMaxMen","rachMax","dirRachMax","temMed","oscilacionTermica","tipo_clima"
"1","413515N","BARCELONA","74","0252D","ARENYS DE MAR","08186","023224E","BARCELONA",-45,373,57,265,25,4,11,1086,1834,108,360,161,328,1
"2","411734N","BARCELONA","4","0076","BARCELONA AEROPUERTO","08181","020412E","BARCELONA",-80,374,45,278,20,2,12,1867,5008,139,320,161.5,294,2
"3","412506N","BARCELONA","408","0200E","BARCELONA, FABRA","","020727E","BARCELONA",-100,398,16,285,21,6,12,1960,3658,144,360,150.5,298,2
"4","412326N","BARCELONA","6","0201D","BARCELONA","08180","021200E","BARCELONA",-13,359,86,271,NA,NA,NA,1126,2064,116,340,178.5,346,1
"5","414312N","BARCELONA","291","0149X","MANRESA","08174","015025E","BARCELONA",-83,424,36,272,11,0,2,642,1360,94,290,154,341,1
"6","413125N","BARCELONA","146","0229I","SABADELL AEROPUERTO","08192","020611E","BARCELONA",-140,450,23,269,16,2,0,2180,2947,104,360,146,310,1
"7","413903N","BARCELONA","40","0255B","SANTA SUSANNA","08188","024149E","BARCELONA",-82,362,53,245,NA,NA,NA,1075,2340,93,250,149,280,3
"8","415442N","GIRONA","143","0367","GIRONA AEROPUERTO","08184","024548E","GIRONA",-130,430,34,270,21,4,12,1771,4214,110,360,152,300,1
"9","415848N","GIRONA","95","0370B","GIRONA, ANTIC INSTITUT","","024931E","GIRONA",-105,397,24,263,19,3,11,2565,4468,NA,NA,143.5,292,2
"10","420616N","GIRONA","157","0372C","PORQUERES","08120","024549E","GIRONA",-65,409,56,254,NA,NA,NA,1392,2359,85,360,155,344,1
"11","421129N","GIRONA","675","0324A","RIPOLL","08118","021146E","GIRONA",-137,406,6,244,21,4,15,1090,2590,97,340,125,269,3
"12","410842N","TARRAGONA","71","0016A","REUS AEROPUERTO","08175","010949E","TARRAGONA",-80,398,55,271,20,2,9,1606,3308,148,320,163,318,2
"13","405729N","TARRAGONA","32","0002I","VANDELLÒS","08169","005217E","TARRAGONA",-40,395,73,275,16,3,8,1891,5324,162,340,174,355,2
"14","431825N","A CORUÑA","98","1387E","A CORUÑA AEROPUERTO","08002","082219W","A CORUÑA",-48,377,65,214,29,3,8,1106,4102,135,340,139.5,329,2
"15","432157N","A CORUÑA","58","1387","A CORUÑA","08001","082517W","A CORUÑA",-30,396,58,215,31,2,10,1327,3999,160,340,136.5,366,2
"16","430938N","A CORUÑA","50","1393","CABO VILÁN","08006","091239W","A CORUÑA",-8,344,61,196,NA,NA,NA,1917,3795,152,280,128.5,336,2
"17","434710N","A CORUÑA","90","1351","ESTACA DE BARES","08004","074106W","A CORUÑA",0,327,75,205,21,0,7,1040,4307,188,300,140,327,2
"18","425529N","A CORUÑA","230","1400","FISTERRA","08040","091729W","A CORUÑA",-15,370,66,232,23,0,7,845,8650,189,310,149,355,2
"19","424314N","A CORUÑA","685","1437O","MONTE IROITE","08043","085524W","A CORUÑA",-47,358,38,198,29,4,7,2074,9989,139,880,118,311,2
"20","424418N","A CORUÑA","100","1473A","PADRÓN","08039","083738W","A CORUÑA",-41,402,71,228,NA,NA,NA,961,4523,112,280,149.5,361,1
"21","425317N","A CORUÑA","370","1428","SANTIAGO DE COMPOSTELA AEROPUE","08042","082438W","A CORUÑA",-90,394,28,224,30,4,8,2180,8687,155,360,126,304,2
"22","425234N","A CORUÑA","240","1475X","SANTIAGO DE COMPOSTELA","08041","083321W","A CORUÑA",-40,387,69,226,NA,NA,NA,1232,6407,82,270,147.5,347,1
"23","433401N","ASTURIAS","127","1212E","ASTURIAS AEROPUERTO","08011","060239W","ASTURIAS",-30,360,66,211,28,7,8,1291,3969,148,330,138.5,330,2
"24","433409N","ASTURIAS","60","1283U","CABO BUSTO","08010","062812W","ASTURIAS",-9,329,76,201,NA,NA,NA,618,1894,198,280,138.5,320,2
"25","433921N","ASTURIAS","100","1210X","CABO PEÑAS","08012","055055W","ASTURIAS",-13,297,77,205,NA,NA,NA,1408,2785,166,350,141,284,2
"26","433129N","ASTURIAS","40","1331A","CASTROPOL","08009","070153W","ASTURIAS",-19,351,80,205,NA,NA,NA,883,2794,112,270,142.5,332,1
"27","433123N","ASTURIAS","26","1207U","GIJÓN, CAMPUS","08014","053716W","ASTURIAS",-60,360,51,204,25,6,10,1100,3957,108,310,127.5,300,3
"28","433230N","ASTURIAS","22","1208A","GIJÓN. LA MERCED","","053943W","ASTURIAS",-34,313,49,212,27,8,12,1044,2979,166,320,130.5,279,2
"29","433336N","ASTURIAS","5","1208H","GIJÓN, PUERTO","08014","054203W","ASTURIAS",-5,324,84,220,27,2,10,865,3829,NA,NA,152,319,1
"30","433220N","ASTURIAS","3","1208","GIJÓN","","053815W","ASTURIAS",-48,364,66,209,29,8,9,1496,3591,150,320,137.5,316,2
"31","432513N","ASTURIAS","10","1183X","LLANES","08016","044453W","ASTURIAS",-5,348,78,219,16,1,3,1200,3282,120,320,148.5,343,1
"32","432112N","ASTURIAS","336","1249I","OVIEDO","08015","055227W","ASTURIAS",-60,370,51,217,28,7,12,1095,3654,190,320,134,310,2
"33","432112N","ASTURIAS","336","1249X","OVIEDO","08015","055227W","ASTURIAS",-34,368,60,204,27,6,9,774,3682,113,320,132,334,1
"34","425843N","ASTURIAS","1480","1221D","PAJARES-VALGRANDE","08031","054635W","ASTURIAS",-111,298,-20,187,NA,NA,NA,951,4136,127,200,83.5,187,3
"35","425939N","ASTURIAS","1530","1542","PUERTO DE LEITARIEGOS","08052","062451W","ASTURIAS",-184,304,-25,172,19,25,6,1194,4874,146,350,73.5,120,3
"36","431753N","BIZKAIA","42","1082","BILBAO AEROPUERTO","08025","025423W","BIZKAIA",-86,420,21,248,28,7,11,2526,6269,148,320,134.5,334,2
"37","431212N","BIZKAIA","208","1078I","GÜEÑES","08035","030617W","BIZKAIA",-80,410,37,228,NA,NA,NA,989,3465,136,310,132.5,330,2
"38","432237N","BIZKAIA","12","1055B","LEKEITIO","08024","023037W","BIZKAIA",-42,374,62,232,NA,NA,NA,909,1889,153,330,147,332,1
"39","432714N","BIZKAIA","93","1057B","MACHICHACO","","024510W","BIZKAIA",-20,338,76,212,NA,NA,NA,1839,4212,193,300,144,318,2
"40","432230N","BIZKAIA","90","1059X","PUNTA GALEA","08059","030118W","BIZKAIA",-27,387,60,216,NA,NA,NA,974,3804,126,310,138,360,1
"41","432341N","CANTABRIA","45","1083L","CASTRO URDIALES","08020","031402W","CANTABRIA",-17,380,78,211,NA,NA,NA,656,4107,107,330,144.5,363,1
"42","432336N","CANTABRIA","38","1159","SAN VICENTE DE LA BARQUERA","08017","042332W","CANTABRIA",-40,384,60,221,27,8,8,1144,3767,144,320,140.5,344,2
"43","432526N","CANTABRIA","3","1109","SANTANDER AEROPUERTO","08021","034932W","CANTABRIA",-54,376,40,232,28,9,8,1344,4901,167,340,136,322,2
"44","432754N","CANTABRIA","64","1110","SANTANDER, CIUDAD","","034908W","CANTABRIA",-38,402,38,215,29,11,9,1450,4829,144,340,126.5,364,2
"45","432928N","CANTABRIA","52","1111","SANTANDER","08023","034802W","CANTABRIA",-17,356,46,236,28,4,8,1262,5058,172,320,141,339,2
"46","432928N","CANTABRIA","52","1111X","SANTANDER","08023","034802W","CANTABRIA",-9,348,81,210,29,3,6,856,4370,123,310,145.5,339,2
"47","431823N","GIPUZKOA","251","1024E","DONOSTIA/SAN SEBASTIÁN, IGUELD","08027","020228W","GIPUZKOA",-121,390,4,227,28,10,12,1677,4811,187,340,115.5,269,2
"48","431234N","GIPUZKOA","119","1050J","ELGOIBAR","08036","022448W","GIPUZKOA",-65,398,50,231,NA,NA,NA,1359,4665,111,270,140.5,333,1
"49","432125N","GIPUZKOA","4","1014","HONDARRIBIA, MALKARROA","08029","014732W","GIPUZKOA",-130,404,6,249,27,5,8,2140,5480,154,320,127.5,274,2
"50","432125N","GIPUZKOA","4","1014A","SAN SEBASTIÁN AEROPUERTO","08029","014732W","GIPUZKOA",-63,400,43,235,27,4,6,1310,5779,104,300,139,337,2
"51","431808N","GIPUZKOA","28","1041A","ZUMAIA","08026","021504W","GIPUZKOA",-50,396,63,237,NA,NA,NA,821,3348,137,320,150,346,1
"52","430448N","GIPUZKOA","420","1037Y","ZUMARRAGA","08037","021903W","GIPUZKOA",-76,397,22,206,NA,NA,NA,1133,4506,107,310,114,321,3
"53","423350N","LEON","534","1549","PONFERRADA","08053","063600W","LEON",-104,404,14,241,28,7,13,922,3076,107,310,127.5,300,3
"54","430641N","LUGO","445","1505","LUGO AEROPUERTO","08008","072727W","LUGO",-100,412,36,215,29,9,12,738,3532,122,260,125.5,312,3
"55","430809N","NAVARRA","183","1002Y","BAZTAN, IRURITA","08030","013235W","NAVARRA",-116,388,40,233,NA,NA,NA,1068,4649,79,230,136.5,272,3
"56","422022N","OURENSE","840","1631E","A POBRA DE TRIVES","08051","071657W","OURENSE",-92,367,18,211,27,0,0,909,3450,107,280,114.5,275,3
"57","422517N","OURENSE","400","1700X","O CARBALLIÑO","08047","080533W","OURENSE",-87,411,50,232,NA,NA,NA,1089,5269,81,300,141,324,1
"58","421956N","OURENSE","148","1690B","OURENSE,INSTITUTO","","075152W","OURENSE",-74,420,24,250,24,0,5,808,2961,NA,NA,137,346,1
"59","421931N","OURENSE","143","1690A","OURENSE","08048","075135W","OURENSE",-86,426,43,255,29,4,12,962,4060,90,320,149,340,1
"60","420445N","OURENSE","616","1735X","XINZO DE LIMIA","08050","074401W","OURENSE",-130,389,21,223,NA,NA,NA,731,3453,98,350,122,259,3
"61","422550N","PONTEVEDRA","19","1484","PONTEVEDRA, INSTITUTO","","083850W","PONTEVEDRA",-55,400,64,241,29,1,8,1413,8552,NA,NA,152.5,345,2
"62","422618N","PONTEVEDRA","108","1484C","PONTEVEDRA","08044","083657W","PONTEVEDRA",-36,395,79,227,30,1,8,1081,5963,115,310,153,359,2
"63","421419N","PONTEVEDRA","255","1495","VIGO AEROPUERTO","08045","083726W","PONTEVEDRA",-50,408,56,229,30,5,9,1750,9256,140,290,142.5,358,2
"64","403924N","AVILA","1143","2444C","ÁVILA, AYUNTAMIENTO","","044201W","AVILA",-150,365,0,226,20,11,11,654,1277,92,360,113,215,3
"65","403933N","AVILA","1130","2444","ÁVILA","08210","044048W","AVILA",-160,376,-1,244,23,12,7,888,2315,107,360,121.5,216,3
"66","402102N","AVILA","1525","2811A","NAVARREDONDA DE GREDOS","08206","050835W","AVILA",-181,353,-18,209,NA,NA,NA,928,2755,130,270,95.5,172,3
"67","413957N","BURGOS","790","2117D","ARANDA DE DUERO","08144","034434W","BURGOS",-155,401,6,242,16,1,5,511,1388,104,320,124,246,3
"68","422125N","BURGOS","891","2331","BURGOS AEROPUERTO","08075","033713W","BURGOS",-220,388,-33,234,26,17,11,524,1940,124,270,100.5,168,3
"69","415735N","BURGOS","1080","2298","PALACIOS DE LA SIERRA","08149","030754W","BURGOS",-146,371,11,212,21,17,15,825,2758,104,350,111.5,225,3
"70","422239N","LEON","1020","2737E","LAGUNAS DE SOMOZA","08123","061148W","LEON",-123,354,7,210,NA,NA,NA,822,1896,114,880,108.5,231,3
"71","423558N","LEON","912","2661B","LEÓN AEROPUERTO","08055","053837W","LEON",-130,362,17,210,18,8,7,445,1069,93,350,113.5,232,3
"72","423518N","LEON","912","2661","LEÓN, VIRGEN DEL CAMINO","08055","053904W","LEON",-174,382,-7,220,27,16,12,985,2533,130,270,106.5,208,3
"73","430344N","LEON","1510","2630X","PUERTO DE SAN ISIDRO","08057","052237W","LEON",-193,317,-29,165,9,17,2,1246,4494,162,330,68,124,3
"74","404735N","MADRID","1894","2462","PUERTO DE NAVACERRADA","08215","040038W","MADRID",-203,320,-77,206,25,26,16,1500,5590,152,290,64.5,117,3
"75","415944N","PALENCIA","874","2400E","AUTILLA DEL PINO","08072","043610W","PALENCIA",-123,400,5,236,NA,NA,NA,627,1602,130,280,120.5,277,3
"76","422103N","PALENCIA","830","2374X","CARRIÓN DE LOS CONDES","08068","043702W","PALENCIA",-174,382,6,221,8,0,9,510,1392,102,330,113.5,208,3
"77","425214N","PALENCIA","1140","2235U","CERVERA DE PISUERGA","08058","043112W","PALENCIA",-125,370,0,200,24,10,9,978,2950,127,250,100,245,3
"78","420018N","PALENCIA","750","2401","PALENCIA, OBSERVATORIO","","043145W","PALENCIA",-148,400,-6,246,19,5,11,462,1731,78,360,120,252,3
"79","402118N","SALAMANCA","1960","2491C","LA COVATILLA, ESTACIÓN DE ESQU","08205","054124W","SALAMANCA",-145,296,-30,185,NA,NA,NA,1762,4970,161,250,77.5,151,3
"80","403806N","SALAMANCA","680","2946X","SAELICES EL CHICO","08195","063600W","SALAMANCA",-111,409,22,248,16,1,4,783,2330,107,340,135,298,3
"81","405734N","SALAMANCA","790","2867","SALAMANCA AEROPUERTO","08202","052954W","SALAMANCA",-200,410,-2,239,26,8,12,590,1890,137,270,118.5,210,3
"82","405727N","SALAMANCA","775","2870","SALAMANCA","08201","053944W","SALAMANCA",-134,398,-7,252,22,6,9,482,1561,141,290,122.5,264,3
"83","410041N","SALAMANCA","769","2916A","VITIGUDINO","08129","062616W","SALAMANCA",-100,407,17,242,18,0,3,506,1893,105,300,129.5,307,3
"84","411131N","SEGOVIA","1798","2150H","LA PINILLA, ESTACIÓN DE ESQUÍ","08143","032831W","SEGOVIA",-187,360,-53,211,22,21,9,1954,5412,198,300,79,173,2
"85","405648N","SEGOVIA","990","2465A","SEGOVIA, INSTITUTO","","040657W","SEGOVIA",-170,397,-29,245,23,10,8,630,1711,NA,NA,108,227,3
"86","405643N","SEGOVIA","1005","2465","SEGOVIA","08213","040735W","SEGOVIA",-132,386,14,251,24,15,11,408,1696,126,310,132.5,254,3
"87","414630N","SORIA","1082","2030","SORIA","08148","022859W","SORIA",-150,380,-25,232,26,18,16,700,2343,122,320,103.5,230,3
"88","411933N","VALLADOLID","740","2503X","OLMEDO","08142","044113W","VALLADOLID",-151,413,8,250,NA,NA,NA,434,1534,89,260,129,262,3
"89","414243N","VALLADOLID","846","2539","VALLADOLID AEROPUERTO","08140","045120W","VALLADOLID",-188,394,-18,235,24,11,10,908,1907,133,260,108.5,206,3
"90","413827N","VALLADOLID","735","2422","VALLADOLID","08141","044516W","VALLADOLID",-115,402,13,251,26,9,11,563,1667,128,360,132,287,3
"91","420039N","ZAMORA","715","2755X","BENAVENTE","08056","054000W","ZAMORA",-112,394,11,244,12,2,6,614,2141,100,270,127.5,282,3
"92","415629N","ZAMORA","850","2775X","VILLARDECIERVOS","08125","061647W","ZAMORA",-138,387,-2,218,12,4,2,816,3538,103,240,108,249,3
"93","413056N","ZAMORA","656","2614","ZAMORA","08130","054407W","ZAMORA",-134,410,7,255,25,6,10,661,2126,111,290,131,276,3
"94","401719N","AVILA","630","3391","SOTILLO DE LA ADRADA","08208","043527W","AVILA",-100,450,22,287,22,9,11,848,3775,126,350,154.5,350,1
"95","392833N","CACERES","459","3469","CÁCERES, CIUDAD","","062235W","CACERES",-58,443,46,292,25,4,10,1025,2388,NA,NA,169,385,1
"96","392817N","CACERES","394","3469A","CÁCERES","08261","062020W","CACERES",-56,432,56,288,25,2,12,1285,3638,108,310,172,376,1
"97","400013N","CACERES","313","3526X","CORIA","08251","063327W","CACERES",-58,440,48,291,NA,NA,NA,760,2355,119,310,169.5,382,1
"98","395645N","CACERES","269","3434X","NAVALMORAL DE LA MATA","08254","053457W","CACERES",-82,450,53,289,16,0,2,942,2714,113,300,171,368,1
"99","400235N","CACERES","415","3519X","PLASENCIA","08252","060509W","CACERES",-45,435,49,297,NA,NA,NA,728,2369,149,350,173,390,1
"100","392857N","CACERES","503","3463X","TRUJILLO","08263","055115W","CACERES",-68,424,58,285,NA,NA,NA,760,1731,81,300,171.5,356,1
"101","392453N","CACERES","444","3576X","VALENCIA DE ALCÁNTARA","08260","071352W","CACERES",-59,431,48,279,15,0,2,1132,2391,119,280,163.5,372,1
"102","403149N","CUENCA","928","3044X","CAÑIZARES","08230","020900W","CUENCA",-118,403,12,254,NA,NA,NA,686,2278,52,290,133,285,3
"103","400041N","CUENCA","808","3094B","TARANCÓN","08277","030117W","CUENCA",-91,416,46,295,16,1,4,300,1128,121,320,170.5,325,1
"104","403933N","GUADALAJARA","639","3168C","GUADALAJARA, EL SERRANILLO","08226","031024W","GUADALAJARA",-125,435,24,266,22,5,16,711,1506,101,360,145,310,1
"105","403805N","GUADALAJARA","685","3168A","GUADALAJARA, INSTITUTO","","031000W","GUADALAJARA",-110,402,12,272,22,4,13,650,1954,NA,NA,142,292,3
"106","403749N","GUADALAJARA","721","3168D","GUADALAJARA","08226","030900W","GUADALAJARA",-81,408,47,285,21,4,8,440,1238,91,260,166,327,1
"107","405030N","GUADALAJARA","1062","3013","MOLINA DE ARAGÓN","08232","015244W","GUADALAJARA",-282,380,-31,239,24,18,15,700,1768,104,290,104,98,3
"108","410511N","GUADALAJARA","1005","3130C","SIGÜENZA","08150","023705W","GUADALAJARA",-165,391,2,234,21,5,7,592,1724,127,260,118,226,3
"109","400402N","MADRID","540","3100B","ARANJUEZ","08229","033246W","MADRID",-111,426,34,287,17,2,9,545,1326,86,300,160.5,315,1
"110","410025N","MADRID","1030","3110C","BUITRAGO DEL LOZOYA","08146","033649W","MADRID",-136,378,16,234,NA,NA,NA,652,1812,98,330,125,242,3
"111","404146N","MADRID","1004","3191E","COLMENAR VIEJO","08219","034554W","MADRID",-100,400,23,271,24,11,13,868,2661,117,360,147,300,1
"112","401758N","MADRID","620","3200","GETAFE","08224","034320W","MADRID",-120,416,15,299,22,7,10,646,1841,126,360,157,296,1
"113","402800N","MADRID","609","3129","MADRID AEROPUERTO","08221","033320W","MADRID",-152,422,12,289,22,8,11,734,1920,147,360,150.5,270,3
"114","402706N","MADRID","664","3194U","MADRID, CIUDAD UNIVERSITARIA","08220","034327W","MADRID",-100,422,31,290,22,2,8,633,1825,113,360,160.5,322,1
"115","402232N","MADRID","690","3196","MADRID, CUATRO VIENTOS","08223","034710W","MADRID",-114,408,15,294,24,5,14,794,1998,124,320,154.5,294,1
"116","402443N","MADRID","667","3195","MADRID, RETIRO","08222","034041W","MADRID",-101,407,19,298,28,8,11,870,1984,116,270,158.5,306,1
"117","404223N","MADRID","1532","3266A","PUERTO ALTO DEL LEÓN","08217","040831W","MADRID",-148,329,-21,225,NA,NA,NA,1862,3652,158,320,102,181,3
"118","402540N","MADRID","763","3338","ROBLEDO DE CHAVELA","08212","041500W","MADRID",-110,425,37,267,NA,NA,NA,708,2630,96,350,152,315,1
"119","410808N","MADRID","1450","3111D","SOMOSIERRA","08145","033449W","MADRID",-115,336,-4,222,NA,NA,NA,878,4794,100,880,109,221,3
"120","402919N","MADRID","607","3175","TORREJÓN DE ARDOZ","08227","032637W","MADRID",-138,419,19,288,22,5,11,631,1919,111,360,153.5,281,3
"121","393249N","TOLEDO","917","3298X","SAN PABLO DE LOS MONTES","08270","042102W","TOLEDO",-83,400,38,285,NA,NA,NA,1253,3406,110,880,161.5,317,1
"122","395731N","TOLEDO","372","3365A","TALAVERA DE LA REINA","08274","045149W","TOLEDO",-110,442,30,300,21,3,8,1050,3483,96,300,165,332,1
"123","395134N","TOLEDO","540","3259","TOLEDO, LORENZANA","","040132W","TOLEDO",-144,420,25,283,24,6,11,495,1654,83,360,154,276,3
"124","395305N","TOLEDO","515","3260B","TOLEDO","08272","040243W","TOLEDO",-96,431,36,304,23,4,10,896,1510,138,350,170,335,1
"125","385300N","BADAJOZ","185","4452","BADAJOZ AEROPUERTO","08330","064850W","BADAJOZ",-72,454,55,287,24,2,9,1191,2697,153,320,171,382,1
"126","385720N","BADAJOZ","273","4358X","DON BENITO","08333","055250W","BADAJOZ",-79,441,57,288,14,0,5,970,1934,99,360,172.5,362,1
"127","391010N","BADAJOZ","447","4244X","HERRERA DEL DUQUE","08264","050344W","BADAJOZ",-101,441,49,293,7,0,4,566,2700,106,300,171,340,1
"128","381755N","BADAJOZ","381","4511C","JEREZ DE LOS CABALLEROS","08337","064554W","BADAJOZ",-53,454,68,278,9,0,1,772,2226,125,320,173,401,1
"129","381354N","BADAJOZ","655","4386B","LLERENA","08336","060101W","BADAJOZ",-54,434,62,283,7,0,3,592,1990,119,300,172.5,380,1
"130","385457N","BADAJOZ","228","4410X","MÉRIDA","08331","062308W","BADAJOZ",-100,464,64,289,NA,NA,NA,592,1888,104,260,176.5,364,1
"131","385916N","CIUDAD REAL","627","4121C","CIUDAD REAL, INSTITUTO","","035545W","CIUDAD REAL",-94,442,25,285,23,4,11,574,1774,NA,NA,155,348,1
"132","385921N","CIUDAD REAL","628","4121","CIUDAD REAL","08348","035513W","CIUDAD REAL",-138,437,12,302,23,5,10,764,2202,104,320,157,299,1
"133","390501N","CIUDAD REAL","531","4220X","PUEBLA DE DON RODRIGO","08271","043719W","CIUDAD REAL",-79,428,50,279,NA,NA,NA,405,1812,87,280,164.5,349,1
"134","391009N","CIUDAD REAL","662","4103X","TOMELLOSO","08276","030027W","CIUDAD REAL",-98,439,48,297,19,0,4,534,1436,95,350,172.5,341,1
"135","384502N","CIUDAD REAL","700","4147X","VALDEPEÑAS","08351","032329W","CIUDAD REAL",-77,428,41,283,9,1,4,590,2176,87,300,162,351,1
"136","383105N","CIUDAD REAL","804","4148","VISO DEL MARQUÉS","08345","033400W","CIUDAD REAL",-79,410,37,287,18,4,7,811,2290,107,880,162,331,1
"137","382955N","CORDOBA","551","4267X","HINOJOSA DEL DUQUE","08335","050716W","CORDOBA",-99,438,55,288,NA,NA,NA,517,1921,93,300,171.5,339,1
"138","392500N","CUENCA","728","4090Y","SAN CLEMENTE","08256","022514W","CUENCA",-96,411,32,263,NA,NA,NA,590,1014,120,340,147.5,315,1
"139","375207N","HUELVA","572","4560Y","ALAJAR","08380","064030W","HUELVA",-21,427,80,285,NA,NA,NA,928,4226,116,350,182.5,406,1
"140","371141N","HUELVA","3","4549Y","AYAMONTE","08381","072342W","HUELVA",-4,417,98,269,NA,NA,NA,860,2346,86,320,183.5,413,1
"141","371642N","HUELVA","18","4642E","HUELVA, RONDA ESTE","08383","065442W","HUELVA",-32,438,93,281,26,0,7,1600,3862,117,300,187,406,1
"142","371524N","HUELVA","17","4605","HUELVA","","065659W","HUELVA",-58,430,74,284,23,1,9,920,3360,122,340,179,372,1
"143","392931N","TOLEDO","690","4067","MADRIDEJOS","08273","033142W","TOLEDO",-120,450,23,295,20,5,13,622,1845,125,310,159,330,1
"144","393550N","TOLEDO","692","4061X","QUINTANAR DE LA ORDEN","08275","030254W","TOLEDO",-74,394,49,268,NA,NA,NA,313,974,96,320,158.5,320,1
"145","362959N","CADIZ","2","5973","CÁDIZ","08452","061528W","CADIZ",-10,430,91,278,25,0,6,1550,4598,146,230,184.5,420,1
"146","364538N","CADIZ","913","5911A","GRAZALEMA","08455","052227W","CADIZ",-78,403,38,251,NA,NA,NA,2957,11152,106,310,144.5,325,2
"147","364502N","CADIZ","27","5960","JEREZ DE LA FRONTERA AEROPUERT","08451","060321W","CADIZ",-54,451,80,287,25,0,8,1122,6089,142,270,183.5,397,2
"148","363820N","CADIZ","21","5910","ROTA, BASE NAVAL","08449","061957W","CADIZ",-47,422,90,274,26,2,10,1262,4586,115,270,182,375,1
"149","362756N","CADIZ","28","5972X","SAN FERNANDO","08453","061220W","CADIZ",-3,420,105,279,NA,NA,NA,814,2697,121,300,192,417,1
"150","361444N","CADIZ","186","5995B","VEJER DE LA FRONTERA","08457","055754W","CADIZ",0,468,110,274,NA,NA,NA,1509,3774,156,330,192,468,1
"151","355344N","CEUTA","200","5000A","CEUTA, MONTE HACHO","","051732W","CEUTA",-4,385,83,248,23,0,7,1375,4888,185,320,165.5,381,2
"152","355319N","CEUTA","87","5000C","CEUTA","60320","052049W","CEUTA",13,402,122,274,23,0,6,1844,3748,93,330,198,389,1
"153","375056N","CORDOBA","90","5402","CÓRDOBA AEROPUERTO","08410","045048W","CORDOBA",-82,469,72,305,24,2,9,1543,3550,126,350,188.5,387,1
"154","373322N","CORDOBA","650","5427X","DOÑA MENCÍA","08412","042114W","CORDOBA",-93,419,60,291,NA,NA,NA,823,2747,106,300,175.5,326,1
"155","381959N","CORDOBA","750","5390Y","VILLANUEVA DE CÓRDOBA","08346","043632W","CORDOBA",-122,435,33,291,9,1,2,690,2332,113,330,162,313,1
"156","373021N","GRANADA","785","5047E","BAZA","08424","024406W","GRANADA",-139,437,44,287,3,0,5,430,1172,125,360,165.5,298,1
"157","371123N","GRANADA","567","5530E","GRANADA AEROPUERTO","08419","034722W","GRANADA",-142,457,46,287,23,4,7,682,1951,108,300,166.5,315,1
"158","370814N","GRANADA","687","5514","GRANADA BASE AÉREA","08420","033753W","GRANADA",-134,435,33,289,24,6,9,693,1948,126,290,161,301,1
"159","375140N","GRANADA","1092","5051X","HUÉSCAR","08423","023910W","GRANADA",-145,419,39,278,NA,NA,NA,502,2094,122,320,158.5,274,3
"160","370940N","GRANADA","760","5582A","LOJA","08414","040910W","GRANADA",-56,444,62,296,NA,NA,NA,666,2473,87,290,179,388,1
"161","370553N","HUELVA","41","5860E","MOGUER, EL ARENOSILLO","08384","064417W","HUELVA",-40,438,88,254,NA,NA,NA,1034,2936,100,270,171,398,1
"162","380123N","JAEN","202","5298X","ANDÚJAR","08347","040348W","JAEN",-75,455,60,299,NA,NA,NA,761,2590,83,290,179.5,380,1
"163","381853N","JAEN","580","5181D","ARROYO DEL OJANCO","08352","025323W","JAEN",-105,434,55,303,NA,NA,NA,690,2174,97,270,179,329,1
"164","375457N","JAEN","782","5038X","CAZORLA","08353","030014W","JAEN",-61,450,58,314,NA,NA,NA,754,2427,95,260,186,389,1
"165","374635N","JAEN","510","5270","JAÉN, INSTITUTO","","034720W","JAEN",-80,460,47,305,23,4,10,1210,2943,144,270,176,380,1
"166","374639N","JAEN","580","5270B","JAÉN","08417","034832W","JAEN",-78,444,69,306,23,3,8,810,3005,137,290,187.5,366,1
"167","382040N","JAEN","770","5246","SANTA ELENA","08350","033207W","JAEN",-87,430,55,307,24,4,6,862,3698,103,340,181,343,1
"168","382921N","JAEN","862","5192","VILLARRODRIGO","08354","023815W","JAEN",-77,420,42,301,23,6,5,860,3850,117,250,171.5,343,1
"169","375535N","SEVILLA","550","5704B","CAZALLA DE LA SIERRA","08392","054611W","SEVILLA",-56,419,58,267,NA,NA,NA,1568,3342,95,340,162.5,363,1
"170","373058N","SEVILLA","130","5641X","ÉCIJA","08395","050506W","SEVILLA",-101,456,72,292,NA,NA,NA,1291,2835,104,330,182,355,1
"171","371140N","SEVILLA","410","5612B","LA RODA DE ANDALUCÍA","08399","044612W","SEVILLA",-97,451,61,295,NA,NA,NA,906,2166,98,310,178,354,1
"172","370952N","SEVILLA","87","5796","MORÓN DE LA FRONTERA","08397","053641W","SEVILLA",-80,466,63,295,25,0,9,1295,3849,135,290,179,386,1
"173","372500N","SEVILLA","34","5783","SEVILLA AEROPUERTO","08391","055245W","SEVILLA",-55,466,71,306,25,1,7,1093,3611,136,340,188.5,411,1
"174","370829N","ALMERIA","869","6302A","ABLA","08427","024648W","ALMERIA",-88,411,62,287,NA,NA,NA,730,1197,123,340,174.5,323,1
"175","364450N","ALMERIA","8","6277B","ADRA","08486","030114W","ALMERIA",13,367,123,276,NA,NA,NA,898,1910,115,880,199.5,354,1
"176","355618N","ALMERIA","15","6381","ALBORÁN","08490","030210W","ALMERIA",0,370,11,264,10,0,3,1100,1500,145,320,137.5,370,1
"177","365047N","ALMERIA","21","6325O","ALMERÍA AEROPUERTO","08487","022125W","ALMERIA",1,416,108,287,20,0,5,992,1545,137,340,197.5,415,1
"178","364952N","ALMERIA","7","6297","ALMERÍA","","022720W","ALMERIA",2,396,95,270,21,2,7,983,1935,119,360,182.5,394,1
"179","365849N","ALMERIA","16","6332X","CARBONERAS","08488","015413W","ALMERIA",-7,395,104,280,NA,NA,NA,584,1280,120,300,192,388,1
"180","372326N","ALMERIA","300","6367B","HUÉRCAL-OVERA","08428","015637W","ALMERIA",-48,440,82,292,NA,NA,NA,2416,3183,121,320,187,392,1
"181","364113N","ALMERIA","3","6293X","ROQUETAS DE MAR","08492","024206W","ALMERIA",-8,376,96,267,2,0,2,722,1486,125,300,181.5,368,1
"182","360050N","CADIZ","32","6001","TARIFA","08458","053556W","CADIZ",-33,374,99,261,23,1,11,1390,4779,166,290,180,341,2
"183","364322N","GRANADA","12","6268X","MOTRIL","08485","033149W","GRANADA",-13,350,118,255,NA,NA,NA,523,1306,89,310,186.5,337,1
"184","370146N","MALAGA","408","6106X","ANTEQUERA","08413","044454W","MALAGA",-125,444,59,294,NA,NA,NA,2598,3459,75,360,176.5,319,1
"185","362501N","MALAGA","19","6058I","ESTEPONA","08463","050918W","MALAGA",0,432,110,273,18,0,6,1712,4584,95,270,191.5,432,1
"186","363219N","MALAGA","8","6084X","FUENGIROLA","08480","043706W","MALAGA",8,370,128,277,NA,NA,NA,1598,3123,106,320,202.5,362,1
"187","363958N","MALAGA","6","6155A","MÁLAGA AEROPUERTO","08482","042856W","MALAGA",-38,442,89,283,22,1,7,3130,4974,130,340,186,404,1
"188","364304N","MALAGA","54","6156X","MÁLAGA, CENTRO METEOROLÓGICO","08481","042854W","MALAGA",-2,423,113,287,NA,NA,NA,1112,2844,93,310,200,421,1
"189","364300N","MALAGA","25","6172O","MÁLAGA, PUERTO","08479","042511W","MALAGA",0,407,119,278,NA,NA,NA,1068,2174,91,320,198.5,407,1
"190","364459N","MALAGA","766","6032B","RONDA","08443","051006W","MALAGA",-80,429,72,277,NA,NA,NA,515,1977,89,290,174.5,349,1
"191","364335N","MALAGA","3","6205X","TORROX","08484","035726W","MALAGA",17,370,117,273,NA,NA,NA,1061,2054,96,280,195,353,1
"192","351635N","MELILLA","52","6000A","MELILLA","60338","025723W","MELILLA",4,418,113,284,19,2,6,1801,2930,138,300,198.5,414,1
"193","383231N","ALBACETE","605","7096B","HELLÍN","08355","014211W","ALBACETE",-55,454,58,293,20,1,0,938,1630,115,360,175.5,399,1
"194","382359N","ALICANTE","575","7247X","EL PINÓS/PINOSO","08357","010217W","ALICANTE",-98,406,58,262,NA,NA,NA,1028,2204,141,310,160,308,1
"195","372502N","MURCIA","26","7002Y","ÁGUILAS","08432","013513W","MURCIA",14,396,108,283,NA,NA,NA,736,3302,102,310,195.5,382,1
"196","375728N","MURCIA","75","7228","ALCANTARILLA, BASE AÉREA","08429","011343W","MURCIA",-60,461,65,301,25,2,10,1797,2573,103,340,183,401,1
"197","380609N","MURCIA","643","7119B","CARAVACA DE LA CRUZ","08365","015238W","MURCIA",-81,435,59,278,NA,NA,NA,824,2210,105,310,168.5,354,1
"198","373604N","MURCIA","17","7012C","CARTAGENA","08434","005916W","MURCIA",13,383,110,287,NA,NA,NA,1427,2230,102,280,198.5,370,1
"199","381358N","MURCIA","265","7145D","CIEZA","08363","012250W","MURCIA",-65,431,72,293,NA,NA,NA,1673,2421,95,340,182.5,366,1
"200","373917N","MURCIA","312","7209","LORCA","08426","014114W","MURCIA",-60,450,54,300,16,3,8,1280,2074,100,330,177,390,1
"201","380007N","MURCIA","61","7178I","MURCIA","08430","011015W","MURCIA",-75,457,75,306,20,1,10,1690,2308,108,320,190.5,382,1
"202","374720N","MURCIA","4","7031","SAN JAVIER AEROPUERTO","08433","004812W","MURCIA",-54,405,71,275,20,2,10,3300,3362,134,360,173,351,1
"203","374642N","MURCIA","4","7031X","SAN JAVIER AEROPUERTO","08433","004821W","MURCIA",-13,394,92,283,20,1,5,2052,2496,104,320,187.5,381,1
"204","383606N","MURCIA","640","7275C","YECLA","08356","010935W","MURCIA",-87,412,51,271,NA,NA,NA,838,1556,123,290,161,325,1
"205","385715N","ALBACETE","702","8175","ALBACETE BASE AÉREA","08280","015123W","ALBACETE",-240,426,-1,285,27,6,9,1466,2266,157,340,142,186,3
"206","390021N","ALBACETE","674","8178D","ALBACETE","08279","015146W","ALBACETE",-190,415,39,292,21,7,10,1160,1621,113,290,165.5,225,3
"207","385609N","ALBACETE","880","8177A","CHINCHILLA","08278","013936W","ALBACETE",-100,396,37,269,NA,NA,NA,687,1531,114,310,153,296,1
"208","382221N","ALICANTE","81","8025","ALACANT/ALICANTE","08359","002939W","ALICANTE",-46,414,78,282,21,4,10,2702,3093,120,330,180,368,1
"209","381658N","ALICANTE","43","8019","ALICANTE-ELCHE AEROPUERTO","08360","003415W","ALICANTE",-38,414,88,287,19,1,11,2350,2675,167,360,187.5,376,1
"210","384701N","ALICANTE","15","8050X","JÁVEA/ XÀBIA","08370","001004E","ALICANTE",-37,396,85,277,20,1,8,2780,3460,143,350,181,359,1
"211","395726N","CASTELLON","48","8500A","CASTELLÓ - ALMASSORA","08286","000419W","CASTELLON",-44,406,74,281,20,1,11,1500,3298,113,340,177.5,362,1
"212","395921N","CASTELLON","23","8501","CASTELLÓ DE LA PLANA","","000156W","CASTELLON",-73,392,62,267,25,2,10,2105,3966,NA,NA,164.5,319,1
"213","402600N","CASTELLON","1131","8489X","VILLAFRANCA DEL CID/VILLAFRANC","08241","001521W","CASTELLON",-101,358,23,231,1,1,0,1018,3088,147,340,127,257,3
"214","403315N","CASTELLON","111","8523X","VINARÒS","08239","002547E","CASTELLON",-44,389,69,275,NA,NA,NA,2634,4464,121,360,172,345,1
"215","400402N","CUENCA","948","8096","CUENCA","08231","020755W","CUENCA",-178,397,-8,277,23,10,14,982,1821,113,320,134.5,219,3
"216","402102N","TERUEL","900","8368U","TERUEL","08235","010727W","TERUEL",-190,402,-6,258,22,9,14,824,1448,122,350,126,212,3
"217","385544N","VALENCIA","5","8058X","OLIVA","08282","000545W","VALENCIA",-17,410,89,282,NA,NA,NA,1838,3526,114,880,185.5,393,1
"218","391105N","VALENCIA","12","8325X","POLINYÀ DE XÚQUER","08287","002219W","VALENCIA",-35,428,64,281,NA,NA,NA,2246,3307,109,330,172.5,393,1
"219","393432N","VALENCIA","758","8309X","UTIEL","08281","011441W","VALENCIA",-174,423,24,265,6,0,3,736,1492,117,360,144.5,249,3
"220","392906N","VALENCIA","56","8414A","VALENCIA AEROPUERTO","08284","002829W","VALENCIA",-54,434,78,276,20,3,11,1889,3736,153,360,177,380,1
"221","392850N","VALENCIA","11","8416Y","VALÈNCIA, VIVEROS","08285","002159W","VALENCIA",-6,430,98,277,NA,NA,NA,1650,3082,88,360,187.5,424,1
"222","392850N","VALENCIA","11","8416","VALÈNCIA","08285","002159W","VALENCIA",-72,430,62,281,21,3,10,2626,3656,117,270,171.5,358,1
"223","390006N","VALENCIA","88","8293X","XÀTIVA","08290","003125W","VALENCIA",-58,460,81,303,NA,NA,NA,1738,4194,114,350,192,402,1
"224","425255N","ARABA/ALAVA","513","9091O","FORONDA-TXOKIZA","08080","024406W","ARABA/ALAVA",-178,408,9,232,27,13,12,930,2530,128,260,120.5,230,3
"225","425059N","ARABA/ALAVA","521","9087","VITORIA AERÓDROMO","","023922W","ARABA/ALAVA",-210,398,-28,208,28,17,9,819,2919,NA,NA,90,188,3
"226","425219N","ARABA/ALAVA","513","9091R","VITORIA GASTEIZ AEROPUERTO","08080","024358W","ARABA/ALAVA",-101,424,30,224,27,10,9,648,2242,115,260,127,323,3
"227","422516N","BURGOS","820","9111","BELORADO","08077","031013W","BURGOS",-135,377,-5,217,NA,NA,NA,617,2923,111,270,106,242,3
"228","425512N","BURGOS","580","9051","MEDINA DE POMAR","08063","032858W","BURGOS",-141,412,13,235,20,18,11,881,2150,152,250,124,271,3
"229","425931N","CANTABRIA","870","9001D","REINOSA","08032","040938W","CANTABRIA",-181,367,7,187,NA,NA,NA,1318,3094,142,250,97,186,3
"230","424823N","CANTABRIA","720","9019B","VALDERREDIBLE, POLIENTES","08033","035602W","CANTABRIA",-171,418,7,223,17,2,0,513,1597,96,260,115,247,3
"231","402955N","CASTELLON","1220","9563X","CASTELLFORT","08237","001112W","CASTELLON",-111,351,12,232,NA,NA,NA,2261,4642,154,360,122,240,2
"232","421957N","GIRONA","1703","9585","LA MOLINA","08117","015622E","GIRONA",-214,314,-80,192,21,20,24,1584,4110,130,360,56,100,3
"233","424232N","HUESCA","1040","9208E","ARAGÜÉS DEL PUERTO","08095","004023W","HUESCA",-114,365,14,234,14,5,9,1108,3252,125,360,124,251,3
"234","423748N","HUESCA","992","9784P","BIELSA","08103","001329E","HUESCA",-125,384,5,229,13,8,7,1452,3280,104,360,117,259,3
"235","420504N","HUESCA","546","9898","HUESCA, AEROPUERTO","08094","001932W","HUESCA",-132,426,0,273,24,8,13,1108,2364,136,340,136.5,294,3
"236","423444N","HUESCA","823","9201K","JACA","08091","003249W","HUESCA",-132,387,8,239,NA,NA,NA,638,2061,137,340,123.5,255,3
"237","423736N","HUESCA","1020","9814A","TORLA","08101","000642W","HUESCA",-88,345,14,225,NA,NA,NA,788,3028,102,260,119.5,257,3
"238","422708N","LA RIOJA","353","9170","LOGROÑO, AEROPUERTO","08084","021952W","LA RIOJA",-116,428,5,262,26,8,12,826,1994,126,320,133.5,312,3
"239","422117N","LLEIDA","677","9619","LA SEU D'URGELL","08115","012747E","LLEIDA",-160,440,-23,275,18,5,8,1590,2870,78,360,126,280,3
"240","413702N","LLEIDA","199","9771","LLEIDA, OBSERVATORIO","","003716E","LLEIDA",-154,428,25,267,19,4,8,690,1492,97,320,146,274,3
"241","413734N","LLEIDA","185","9771C","LLEIDA","08171","003553E","LLEIDA",-142,434,3,283,22,3,8,836,1289,126,300,143,292,3
"242","424201N","LLEIDA","1161","9990X","NAUT ARAN, ARTIES","08107","005237E","LLEIDA",-186,384,-33,214,NA,NA,NA,876,2026,82,340,90.5,198,3
"243","421219N","LLEIDA","807","9698U","TALARN","08112","005155E","LLEIDA",-95,397,19,259,12,1,5,622,1540,123,360,139,302,3
"244","413902N","LLEIDA","388","9720X","TÀRREGA","08173","010858E","LLEIDA",-139,388,1,266,NA,NA,NA,641,1347,83,340,133.5,249,3
"245","424634N","NAVARRA","572","9263X","ARANGUREN, ILUNDAIN","08089","013157W","NAVARRA",-77,388,31,228,NA,NA,NA,604,2057,88,300,129.5,311,3
"246","421155N","NAVARRA","295","9294E","BARDENAS REALES, BASE AÉREA","08087","012831W","NAVARRA",-104,427,24,272,NA,NA,NA,1356,1813,113,350,148,323,1
"247","421225N","NAVARRA","268","9283X","CADREITA","08153","014241W","NAVARRA",-111,391,25,257,NA,NA,NA,930,1509,121,340,141,280,3
"248","424637N","NAVARRA","459","9263D","PAMPLONA, AEROPUERTO","08085","013900W","NAVARRA",-162,414,11,254,28,11,11,1074,2441,130,350,132.5,252,3
"249","424904N","NAVARRA","450","9262","PAMPLONA","","013818W","NAVARRA",-152,406,-17,256,27,12,14,1155,3376,NA,NA,119.5,254,3
"250","404913N","TARRAGONA","50","9981A","ESTACIÓN DE TORTOSA (ROQUETES)","08238","002936E","TARRAGONA",-64,430,54,287,23,4,14,2092,3820,159,320,170.5,366,2
"251","404157N","TARRAGONA","1","9987P","SANT JAUME D'ENVEJA","08240","004836E","TARRAGONA",0,349,83,267,NA,NA,NA,1256,3221,139,880,175,349,1
"252","410329N","TERUEL","334","9573X","ALCAÑIZ","08164","000830W","TERUEL",-95,423,32,272,NA,NA,NA,898,1558,111,350,152,328,1
"253","405154N","TERUEL","932","9381","CALAMOCHA, AERÓDROMO","","011818W","TERUEL",-300,400,-22,240,20,11,15,800,1580,NA,NA,109,100,3
"254","405534N","TERUEL","890","9381I","CALAMOCHA","08233","011736W","TERUEL",-200,395,-11,253,24,12,15,692,1262,133,360,121,195,3
"255","405648N","TERUEL","466","9569A","CALANDA","08166","001416W","TERUEL",-80,432,28,275,22,4,9,1193,2066,111,310,151.5,352,1
"256","413121N","ZARAGOZA","357","9576C","BUJARALOZ","08165","001028W","ZARAGOZA",-165,428,3,273,NA,NA,NA,758,1184,130,340,138,263,3
"257","411952N","ZARAGOZA","582","9394X","CALATAYUD","08156","013843W","ZARAGOZA",-147,430,-7,286,13,4,5,800,1578,134,350,139.5,283,3
"258","410652N","ZARAGOZA","779","9390","DAROCA","08157","012436W","ZARAGOZA",-224,410,-16,265,23,12,17,952,1730,108,260,124.5,186,3
"259","422927N","ZARAGOZA","626","9244X","SOS DEL REY CATÓLICO","08090","011249W","ZARAGOZA",-117,386,24,260,NA,NA,NA,678,2112,126,360,142,269,3
"260","413938N","ZARAGOZA","249","9434","ZARAGOZA, AEROPUERTO","08160","010015W","ZARAGOZA",-114,445,15,282,21,7,10,973,1759,135,340,148.5,331,1
"261","413715N","ZARAGOZA","254","9434P","ZARAGOZA, VALDESPARTERA","08159","005606W","ZARAGOZA",-44,437,57,279,8,1,5,546,1142,122,340,168,393,1
"262","394300N","ILLES BALEARS","57","B569X","CAPDEPERA","08311","032841E","ILLES BALEAR",5,389,94,285,0,0,0,888,1904,145,360,189.5,384,1
"263","394924N","ILLES BALEARS","490","B013X","ESCORCA, LLUC","08304","025309E","ILLES BALEAR",-71,414,43,255,0,0,0,2762,5615,148,260,149,343,2
"264","385235N","ILLES BALEARS","6","B954","IBIZA, AEROPUERTO","08373","012304E","ILLES BALEAR",-30,384,74,286,22,2,13,1565,2448,130,360,180,354,1
"265","395117N","ILLES BALEARS","91","B893","MENORCA, AEROPUERTO","08314","041256E","ILLES BALEAR",-24,396,76,289,25,4,11,1213,2589,144,360,182.5,372,1
"266","393339N","ILLES BALEARS","8","B278","PALMA DE MALLORCA, AEROPUERTO","08306","024412E","ILLES BALEAR",-100,414,50,277,21,5,9,1067,2418,130,330,163.5,314,1
"267","393319N","ILLES BALEARS","3","B228","PALMA, PUERTO","08301","023731E","ILLES BALEAR",-1,380,85,294,21,5,8,1243,2518,117,360,189.5,379,1
"268","393118N","ILLES BALEARS","120","B346X","PORRERES","08310","030109E","ILLES BALEAR",-29,410,75,283,NA,NA,NA,1080,2142,99,360,179,381,1
"269","392452N","ILLES BALEARS","17","B434X","PORTOCOLOM","08309","031618E","ILLES BALEAR",-5,410,87,277,15,0,5,1778,3174,121,320,182,405,1
"270","394457N","ILLES BALEARS","40","B691Y","SA POBLA","08312","030100E","ILLES BALEAR",-14,409,76,277,2,0,1,852,2334,111,360,176.5,395,1
"271","394406N","ILLES BALEARS","1030","B248","SIERRA DE ALFABIA, BUNYOLA","08303","024247E","ILLES BALEAR",-79,349,11,238,21,7,7,1611,5669,196,360,124.5,270,2
"272","282641N","LAS PALMAS","25","C249I","FUERTEVENTURA AEROPUERTO","60035","135147W","LAS PALMAS",80,430,156,277,15,0,4,765,1435,120,300,216.5,350,1
"273","275504N","LAS PALMAS","24","C649I","GRAN CANARIA AEROPUERTO","60030","152343W","LAS PALMAS",65,442,153,268,21,0,3,1040,2337,113,360,210.5,377,1
"274","280003N","LAS PALMAS","10","C619I","LA ALDEA DE SAN NICOLÁS","60027","154850W","LAS PALMAS",59,376,152,257,NA,NA,NA,452,964,152,340,204.5,317,1
"275","285707N","LAS PALMAS","14","C029O","LANZAROTE AEROPUERTO","60040","133601W","LAS PALMAS",76,436,160,270,19,0,3,715,1273,132,360,215,360,1
"276","280647N","LAS PALMAS","15","C659M","LAS PALMAS DE GRAN CANARIA, PL","60032","152517W","LAS PALMAS",121,324,173,253,NA,NA,NA,895,1423,89,350,213,203,1
"277","280523N","LAS PALMAS","55","C659H","LAS PALMAS DE GRAN CANARIA, SA","60029","152458W","LAS PALMAS",37,374,167,259,NA,NA,NA,997,1395,116,330,213,337,1
"278","274409N","LAS PALMAS","6","C689E","MASPALOMAS","60037","153545W","LAS PALMAS",107,426,167,250,NA,NA,NA,672,946,134,300,208.5,319,1
"279","274859N","LAS PALMAS","10","C629X","MOGÁN, PUERTO","60036","154551W","LAS PALMAS",100,403,171,268,NA,NA,NA,462,593,118,260,219.5,303,1
"280","280257N","LAS PALMAS","15","C229J","PÁJARA","60034","142129W","LAS PALMAS",89,432,166,282,5,0,0,433,586,131,360,224,343,1
"281","291355N","LAS PALMAS","10","C839I","TEGUISE","","133007W","LAS PALMAS",67,350,160,251,11,0,0,586,1286,104,270,205.5,283,1
"282","281906N","STA. CRUZ DE TENERIFE","115","C439J","GÜÍMAR","60018","162256W","STA. CRUZ DE",94,385,161,244,NA,NA,NA,1138,2680,80,70,202.5,291,1
"283","274908N","STA. CRUZ DE TENERIFE","32","C929I","HIERRO AEROPUERTO","60001","175320W","STA. CRUZ DE",80,342,161,259,20,0,4,2800,4197,136,360,210,262,1
"284","281832N","STA. CRUZ DE TENERIFE","2371","C430E","IZAÑA","60010","162958W","STA. CRUZ DE",-98,304,-10,205,17,15,8,3600,9574,248,880,97.5,206,2
"285","283759N","STA. CRUZ DE TENERIFE","33","C139E","LA PALMA AEROPUERTO","60005","174518W","STA. CRUZ DE",94,384,161,260,23,0,3,1836,3358,162,320,210.5,290,1
"286","282505N","STA. CRUZ DE TENERIFE","25","C459Z","PUERTO DE LA CRUZ","60012","163253W","STA. CRUZ DE",109,358,167,253,NA,NA,NA,1044,3442,168,320,210,249,2
"287","280523N","STA. CRUZ DE TENERIFE","15","C329Z","SAN SEBASTIÁN DE LA GOMERA","60008","170641W","STA. CRUZ DE",112,396,170,271,NA,NA,NA,841,1514,103,360,220.5,284,1
"288","282748N","STA. CRUZ DE TENERIFE","35","C449C","STA.CRUZ DE TENERIFE","60020","161519W","STA. CRUZ DE",81,426,158,278,24,0,5,2326,2735,162,340,218,345,1
"289","283545N","STA. CRUZ DE TENERIFE","62","C129Z","TAZACORTE","60004","175455W","STA. CRUZ DE",96,417,174,258,NA,NA,NA,602,1554,98,360,216,321,1
"290","282839N","STA. CRUZ DE TENERIFE","632","C447A","TENERIFE NORTE AEROPUERTO","60015","161946W","STA. CRUZ DE",20,414,102,247,25,0,4,2603,4481,147,360,174.5,394,2
"291","280249N","STA. CRUZ DE TENERIFE","64","C429I","TENERIFE SUR AEROPUERTO","60025","163340W","STA. CRUZ DE",90,443,167,273,14,0,4,1360,2128,134,290,220,353,1
